metric,threshold,actual_spikes,predicted_spikes,precision,recall,f1,threshold_source
traffic_mbps,87.410400390625,109,106,0.8018867924528302,0.7798165137614679,0.7906976744186047,training_metrics
latency_ms,4.996399879455566,93,110,0.4,0.4731182795698925,0.43349753694581283,training_metrics
packet_loss_pct,0.194350004196167,113,130,0.5846153846153846,0.672566371681416,0.6255144032921811,training_metrics
