metric,unit,model_mae,baseline_mae,mae_improvement_pct,model_rmse,baseline_rmse,model_r2,quality_pct
traffic_mbps,Mbps,8.418233813288165,12.340217973231358,31.782130335548672,16.116381019254604,22.694507529019077,0.7429317862397123,85.9584449134781
latency_ms,ms,1.1379673638189065,1.2752409177820268,10.764519240950518,2.1996834576397832,2.563187056613171,-0.23464870428371887,69.30516315976514
packet_loss_pct,%,0.3258270619766028,0.371151051625239,12.211736825253828,0.7576614871813219,0.8711748775670791,-0.286601840903963,77.75358150763655
