method,mae,rmse,r2,quality_pct
Model,3.2940094130278914,6.3579086546919035,0.07389374701734348,41.70349983656016
Persistence,4.662203314212874,8.709623154399775,-0.2957235790316749,29.86191888305346
Moving Average,6.81668607393244,9.487997325874725,0.045752892035503256,20.66786356616933
