metric,threshold,actual_spikes,predicted_spikes,precision,recall,f1,threshold_source
traffic_mbps,10.45009994506836,87,168,0.1130952380952381,0.21839080459770116,0.14901960784313728,training_metrics
latency_ms,2.568700075149536,69,134,0.08208955223880597,0.15942028985507245,0.10837438423645318,training_metrics
packet_loss_pct,0.218999981880188,84,79,0.13924050632911392,0.13095238095238096,0.13496932515337423,training_metrics
