method,mae,rmse,r2,quality_pct
Model,1.8845414104691407,6.202609440404243,-0.612002190733414,5.8935198629859356
Persistence,1.8981713747645952,6.479240073244534,-0.8555020165690852,4.693694819257037
Moving Average,1.8960736503452604,5.186152905838504,-0.15884717760829684,7.422277854297742
