metric,unit,model_mae,baseline_mae,mae_improvement_pct,model_rmse,baseline_rmse,model_r2,quality_pct
traffic_mbps,Mbps,4.5284740441411975,4.466207627118644,-1.3941675403640932,15.771096446061309,16.174006561804635,-0.757749767809136,58.31552694148245
latency_ms,ms,0.9052840171270327,1.0061864406779661,10.028203469224417,2.1075690659792623,2.5160072412163497,-0.2872877828491822,55.51681960264626
packet_loss_pct,%,0.21986617013919127,0.22212005649717517,1.0147153721854771,0.7291628091721595,0.7477064167126161,-0.7909690215419238,56.71292305339398
