model,val_mse,test_mse,test_mae,test_smape,spike_f1,epochs
attention_lstm,0.638468325138092,108.14566040039062,3.9173033237457275,0.509686291217804,0.3375848721365569,20
lstm,0.6544578075408936,100.761962890625,3.713153600692749,0.5071079730987549,0.3178451178451178,20
gru,0.6701651215553284,102.38970947265625,3.908902168273926,0.5097488760948181,0.2865769073847409,20
mean_lstm,0.7512156367301941,135.59698486328125,5.330021381378174,0.6033301949501038,0.16470588235294115,20
