metric,unit,model_mae,baseline_mae,mae_improvement_pct,model_rmse,baseline_rmse,model_r2,quality_pct
traffic_mbps,Mbps,8.01878266807975,12.521618075801747,35.96049153123276,16.024473068453972,23.911960991229144,0.7730475663767983,83.7100025612925
latency_ms,ms,0.9661552325844686,1.3869475218658893,30.339452837791598,2.245782426308544,3.2329174095043602,0.17318829112610357,73.15598572525127
packet_loss_pct,%,0.38455806259692704,0.41646647230320705,7.661699519247061,0.7507097976865857,1.0560109384096437,0.1005048235433218,72.48988938693418
