metric,threshold,actual_spikes,predicted_spikes,precision,recall,f1,threshold_source
traffic_mbps,85.21173858642578,75,68,0.8970588235294118,0.8133333333333334,0.8531468531468531,training_metrics
latency_ms,4.833000183105469,72,93,0.5268817204301075,0.6805555555555556,0.593939393939394,training_metrics
packet_loss_pct,0.171999990940094,73,97,0.5154639175257731,0.684931506849315,0.588235294117647,training_metrics
