method,mae,rmse,r2,quality_pct
Model,3.1231653210870483,6.3403217641497,0.3489135603487412,38.75409958816841
Persistence,4.775010689990281,9.400296446381049,-0.33288210490249265,20.300258878396544
Moving Average,6.917468739876903,10.003840897508105,0.0656306505047675,13.025771390001927
