metric,threshold,actual_spikes,predicted_spikes,precision,recall,f1,threshold_source
traffic_mbps,90.99510192871094,55,49,0.7551020408163265,0.6727272727272727,0.7115384615384616,training_metrics
latency_ms,5.256400108337402,48,52,0.46153846153846156,0.5,0.48000000000000004,training_metrics
packet_loss_pct,0.8161000609397888,45,47,0.48936170212765956,0.5111111111111111,0.5,training_metrics
