metric,unit,model_mae,baseline_mae,mae_improvement_pct,model_rmse,baseline_rmse,model_r2,quality_pct
traffic_mbps,Mbps,8.32797472953064,12.521618075801747,33.49122550204114,16.458859809254395,23.911960991229144,0.7605764746941323,89.96925556084602
latency_ms,ms,1.0069669557480387,1.3869475218658893,27.39689570998727,2.3186784867364643,3.2329174095043602,0.118642052182653,78.36196399297897
packet_loss_pct,%,0.35264488116480247,0.41646647230320705,15.324544803198341,0.8556367068079702,1.0560109384096437,-0.16851283181013121,76.45346838078903
